{"cameraMode":{"drawMode":0,"name":"Shaded","section":"Shading Mode"},"sceneLighting":true,"audioPlay":false,"sceneViewState":{"showFog":false,"showMaterialUpdate":false,"showSkybox":false,"showFlares":false,"showImageEffects":false,"showParticleSystems":false},"in2DMode":false,"pivot":{"x":0.09728336334228516,"y":0.07920646667480469,"z":-0.1527256965637207},"rotation":{"x":-0.13024407625198365,"y":0.3521684408187866,"z":-0.04955984652042389,"w":-0.9255039691925049},"size":12.088610649108887,"orthographic":false}